INSERT INTO `administrador` (`idAdministrador`, `Cedula`, `Nombre`, `Apellido`) VALUES
(1, '1100000000', 'Administrador', 'One');


INSERT INTO `asignacion_curso` (`idCursoAsignacion`, `idProfesor`, `idMateria`, `idCurso`, `Aula`, `HoraEntrada`, `HoraSalida`, `idPeriodo`) VALUES
(2, 13, 6, 1, 'A-101', '21:27:00', '23:27:00', 10),
(3, 17, 3, 1, 'A-102', '21:27:00', '23:27:00', 10),
(4, 18, 9, 1, 'A-103', '21:28:00', '23:28:00', 10),
(5, 8, 14, 1, 'A-104', '21:28:00', '23:28:00', 10),
(7, 20, 10, 1, 'A-106', '21:29:00', '23:29:00', 10),
(8, 16, 7, 1, 'A-108', '21:30:00', '23:30:00', 10),
(9, 17, 10, 6, 'L-102', '21:31:00', '23:31:00', 10),
(10, 11, 14, 6, 'A-107', '21:35:00', '23:35:00', 10),
(13, 11, 3, 6, '', '02:23:00', '03:26:00', 10),
(14, 13, 6, 6, 'A-204', '02:24:00', '03:24:00', 10),
(15, 7, 9, 6, 'A-209', '02:25:00', '04:28:00', 10);


INSERT INTO `calificacion` (`idCalificacion`, `idMatricula`, `idMatriculaAsignacion`, `NotaAutonoma1`, `NotaPractica1`, `NotaLeccion1`, `NotaExamen1`, `PromQuimestre1`, `NotaAutonoma2`, `NotaPractica2`, `NotaLeccion2`, `NotaExamen2`, `PromQuimestre2`, `PromedioFinal`) VALUES
(46, 11, 65, '9.00', '9.00', '6.00', '8.00', '8.00', '6.00', '8.00', '8.00', '9.00', '7.75', '7.88'),
(47, 11, 66, '9.00', '8.00', '8.00', '7.00', '8.00', '8.00', '8.00', '7.00', '7.00', '7.50', '7.75'),
(48, 11, 67, '7.00', '7.00', '7.00', '7.00', '7.00', '7.00', '7.00', '7.00', '7.00', '7.00', '7.00'),
(49, 11, 68, '9.00', '9.00', '8.00', '5.00', '7.75', '9.00', '8.00', '7.00', '8.00', '5.75', '6.75'),
(50, 11, 69, '19.00', '19.00', '19.00', '19.00', '19.00', '19.00', '19.00', '19.00', '19.00', '19.00', '19.00'),
(51, 11, 70, '19.00', '19.00', '19.00', '19.00', '19.00', '19.00', '19.00', '19.00', '19.00', '19.00', '19.00'),
(52, 12, 71, '9.00', '9.00', '9.00', '9.00', '9.00', '9.00', '9.00', '9.00', '9.00', '9.00', '9.00'),
(53, 12, 72, '9.00', '9.00', '9.00', '9.00', '9.00', '9.00', '9.00', '9.00', '9.00', '9.00', '9.00'),
(54, 12, 73, '9.00', '9.00', '9.00', '9.00', '9.00', '9.00', '9.00', '9.00', '9.00', '9.00', '9.00'),
(55, 12, 74, '9.00', '9.00', '9.00', '9.00', '9.00', '9.00', '9.00', '9.00', '9.00', '9.00', '9.00'),
(56, 12, 75, '9.00', '9.00', '9.00', '9.00', '9.00', '9.00', '9.00', '9.00', '9.00', '9.00', '9.00'),
(57, 12, 76, '9.00', '9.00', '9.00', '9.00', '9.00', '9.00', '9.00', '9.00', '9.00', '9.00', '9.00'),
(58, 13, 77, '9.00', '9.00', '9.00', '9.00', '9.00', '9.00', '9.00', '9.00', '9.00', '9.00', '9.00'),
(59, 13, 78, '9.00', '9.00', '9.00', '9.00', '9.00', '9.00', '9.00', '9.00', '9.00', '9.00', '9.00'),
(60, 13, 79, '9.00', '9.00', '9.00', '9.00', '9.00', '9.00', '9.00', '9.00', '9.00', '9.00', '9.00'),
(61, 13, 80, '9.00', '9.00', '9.00', '9.00', '9.00', '9.00', '9.00', '9.00', '9.00', '9.00', '9.00'),
(62, 13, 81, '9.00', '9.00', '9.00', '9.00', '9.00', '9.00', '9.00', '9.00', '9.00', '9.00', '9.00'),
(63, 13, 82, '9.00', '9.00', '9.00', '9.00', '9.00', '9.00', '9.00', '9.00', '9.00', '9.00', '9.00'),
(64, 14, 83, '9.00', '9.00', '9.00', '9.00', '9.00', '9.00', '9.00', '9.00', '9.00', '9.00', '9.00'),
(65, 14, 84, '9.00', '9.00', '9.00', '9.00', '9.00', '9.00', '9.00', '9.00', '9.00', '9.00', '9.00'),
(66, 14, 85, '9.00', '9.00', '9.00', '9.00', '9.00', '9.00', '9.00', '9.00', '9.00', '9.00', '9.00'),
(67, 14, 86, '9.00', '9.00', '9.00', '9.00', '9.00', '9.00', '9.00', '9.00', '9.00', '9.00', '9.00'),
(68, 14, 87, '9.00', '9.00', '9.00', '9.00', '9.00', '9.00', '9.00', '9.00', '9.00', '9.00', '9.00'),
(69, 14, 88, '19.00', '19.00', '19.00', '19.00', '19.00', '19.00', '19.00', '19.00', '19.00', '19.00', '19.00'),
(70, 15, 89, '19.00', '19.00', '19.00', '19.00', '19.00', '19.00', '19.00', '19.00', '19.00', '19.00', '19.00'),
(71, 15, 90, '9.00', '9.00', '9.00', '9.00', '9.00', '9.00', '9.00', '9.00', '9.00', '9.00', '9.00'),
(72, 15, 91, '9.00', '9.00', '9.00', '9.00', '9.00', '9.00', '9.00', '9.00', '9.00', '9.00', '9.00'),
(73, 15, 92, '9.00', '9.00', '9.00', '9.00', '9.00', '9.00', '9.00', '9.00', '9.00', '9.00', '9.00'),
(74, 15, 93, '9.00', '9.00', '9.00', '9.00', '9.00', '9.00', '9.00', '9.00', '9.00', '9.00', '9.00'),
(75, 15, 94, '9.00', '9.00', '9.00', '9.00', '9.00', '9.00', '9.00', '9.00', '9.00', '9.00', '9.00'),
(76, 16, 95, '9.00', '9.00', '9.00', '9.00', '9.00', '9.00', '9.00', '9.00', '9.00', '9.00', '9.00'),
(77, 16, 96, '9.00', '9.00', '9.00', '9.00', '9.00', '9.00', '9.00', '9.00', '9.00', '9.00', '9.00'),
(78, 16, 97, '9.00', '9.00', '9.00', '9.00', '9.00', '9.00', '9.00', '9.00', '9.00', '9.00', '9.00'),
(79, 16, 98, '9.00', '9.00', '9.00', '9.00', '9.00', '9.00', '9.00', '9.00', '9.00', '9.00', '9.00'),
(80, 16, 99, '9.00', '9.00', '9.00', '9.00', '9.00', '9.00', '9.00', '9.00', '9.00', '9.00', '9.00'),
(81, 16, 100, '9.00', '9.00', '9.00', '9.00', '9.00', '9.00', '9.00', '9.00', '9.00', '9.00', '9.00'),
(82, 17, 101, '9.00', '9.00', '9.00', '9.00', '9.00', '9.00', '9.00', '9.00', '9.00', '9.00', '9.00'),
(83, 17, 102, '9.00', '9.00', '9.00', '9.00', '9.00', '9.00', '9.00', '9.00', '9.00', '9.00', '9.00'),
(84, 17, 103, '9.00', '9.00', '9.00', '9.00', '9.00', '9.00', '9.00', '9.00', '9.00', '9.00', '9.00'),
(85, 17, 104, '9.00', '9.00', '9.00', '9.00', '9.00', '9.00', '9.00', '9.00', '9.00', '9.00', '9.00'),
(86, 17, 105, '9.00', '9.00', '9.00', '9.00', '9.00', '9.00', '9.00', '9.00', '9.00', '9.00', '9.00'),
(87, 17, 106, '9.00', '9.00', '9.00', '9.00', '9.00', '9.00', '9.00', '9.00', '9.00', '9.00', '9.00'),
(88, 18, 107, '9.00', '9.00', '9.00', '9.00', '9.00', '9.00', '9.00', '9.00', '9.00', '9.00', '9.00'),
(89, 18, 108, '9.00', '9.00', '9.00', '9.00', '9.00', '9.00', '9.00', '9.00', '9.00', '9.00', '9.00'),
(90, 18, 109, '9.00', '9.00', '9.00', '9.00', '9.00', '9.00', '9.00', '9.00', '9.00', '9.00', '9.00'),
(91, 18, 110, '9.00', '9.00', '9.00', '9.00', '9.00', '9.00', '9.00', '9.00', '9.00', '9.00', '9.00'),
(92, 18, 111, '9.00', '9.00', '9.00', '9.00', '9.00', '9.00', '9.00', '9.00', '9.00', '9.00', '9.00'),
(93, 18, 112, '9.00', '9.00', '9.00', '9.00', '9.00', '9.00', '9.00', '9.00', '9.00', '9.00', '9.00'),
(94, 19, 113, '8.00', '5.00', '8.00', '6.00', '6.75', '7.00', '19.00', '19.00', '8.00', '8.75', '7.75'),
(95, 19, 114, '19.00', '19.00', '19.00', '19.00', '19.00', '19.00', '19.00', '19.00', '19.00', '19.00', '19.00'),
(96, 19, 115, '9.00', '9.00', '9.00', '9.00', '9.00', '9.00', '9.00', '9.00', '9.00', '9.00', '9.00'),
(97, 19, 116, '19.00', '19.00', '19.00', '7.00', '9.25', '9.00', '7.00', '8.00', '9.00', '8.25', '8.75'),
(98, 19, 117, '9.00', '9.00', '9.00', '9.00', '9.00', '9.00', '9.00', '9.00', '9.00', '9.00', '9.00'),
(99, 20, 118, '9.00', '9.00', '9.00', '9.00', '9.00', '9.00', '9.00', '9.00', '9.00', '9.00', '9.00'),
(100, 20, 119, '9.00', '9.00', '9.00', '9.00', '9.00', '9.00', '9.00', '9.00', '9.00', '9.00', '9.00'),
(101, 20, 120, '9.00', '9.00', '9.00', '9.00', '9.00', '9.00', '9.00', '9.00', '9.00', '9.00', '9.00'),
(102, 20, 121, '9.00', '9.00', '9.00', '9.00', '9.00', '9.00', '9.00', '9.00', '9.00', '9.00', '9.00'),
(103, 20, 122, '9.00', '9.00', '9.00', '9.00', '9.00', '9.00', '9.00', '9.00', '9.00', '9.00', '9.00'),
(104, 21, 123, '9.00', '9.00', '9.00', '9.00', '9.00', '9.00', '9.00', '9.00', '9.00', '9.00', '9.00'),
(105, 21, 124, '19.00', '9.00', '19.00', '9.00', '9.50', '19.00', '9.00', '19.00', '9.00', '9.50', '9.50'),
(106, 21, 125, '9.00', '9.00', '9.00', '9.00', '9.00', '9.00', '9.00', '9.00', '9.00', '9.00', '9.00'),
(107, 21, 126, '9.00', '9.00', '9.00', '9.00', '9.00', '9.00', '9.00', '9.00', '9.00', '9.00', '9.00'),
(108, 21, 127, '19.00', '19.00', '19.00', '19.00', '19.00', '19.00', '19.00', '19.00', '19.00', '19.00', '19.00'),
(109, 22, 128, '19.00', '19.00', '19.00', '19.00', '19.00', '9.00', '19.00', '19.00', '19.00', '9.75', '9.88'),
(110, 22, 129, '19.00', '19.00', '19.00', '19.00', '19.00', '19.00', '19.00', '19.00', '19.00', '19.00', '19.00'),
(111, 22, 130, '19.00', '19.00', '19.00', '9.00', '9.75', '19.00', '19.00', '19.00', '9.00', '9.75', '9.75'),
(112, 22, 131, '19.00', '19.00', '19.00', '19.00', '19.00', '19.00', '19.00', '19.00', '9.00', '9.75', '9.88'),
(113, 22, 132, '19.00', '19.00', '19.00', '19.00', '19.00', '19.00', '19.00', '19.00', '19.00', '19.00', '19.00');


INSERT INTO `curso` (`idCurso`, `Nivel`, `Paralelo`) VALUES
(6, '1ro', 'A'),
(2, '1ro', 'B'),
(1, '2do', 'A'),
(3, '2do', 'B'),
(8, '3ro', 'A');


INSERT INTO `estudiante` (`idEstudiante`, `Cedula`, `Nombre`, `Apellido`, `FechaNacimiento`, `Telefono`, `Direccion`, `Observacion`) VALUES
(1, '1310001001', 'Carlos Andrés', 'López Mendoza', '2008-03-15', '0981001001', 'Av. 10 de Agosto y Eloy Alfaro', 'Participa en clubes de ciencias'),
(2, '1310001002', 'María Fernanda', 'Castro Romero', '2008-05-22', '0981001002', 'Cdla. Universitaria, Manta', ''),
(3, '1310001003', 'Luis Eduardo', 'Pérez Almeida', '2008-07-09', '0981001003', 'Barrio Jocay, Manta', 'Requiere seguimiento en matemáticas'),
(4, '1310001004', 'Ana Isabel', 'Vera Paredes', '2008-02-17', '0981001004', 'Cdla. Los Sauces, Portoviejo', ''),
(5, '1310001005', 'José Miguel', 'García Delgado', '2008-09-03', '0981001005', 'Av. Circunvalación, Manta', ''),
(6, '1310001006', 'Andrea Valeria', 'Zambrano Bravo', '2008-06-30', '0981001006', 'Colinas del Sol, Manta', 'Buena participación en clase'),
(7, '1310001007', 'David Sebastián', 'Macías Loor', '2008-08-10', '0981001007', 'Av. Manabí y San Mateo', ''),
(8, '1310001008', 'Valentina Renata', 'Cedeño Mero', '2008-01-05', '0981001008', 'Urbanización Ciudad del Sol', ''),
(9, '1310001009', 'Juan Esteban', 'Moreira Mendoza', '2008-11-19', '0981001009', 'Cdla. Los Ángeles, Portoviejo', ''),
(10, '1310001010', 'Emilia Antonella', 'Alcívar Carreño', '2008-04-24', '0981001010', 'Cdla. Santa Martha, Manta', ''),
(11, '1310001011', 'Mateo Joaquín', 'Solórzano Pico', '2008-10-08', '0981001011', 'Av. Malecón, Manta', ''),
(12, '1310001012', 'Camila Guadalupe', 'Suárez Cedeño', '2008-03-21', '0981001012', 'Cdla. El Paraíso, Portoviejo', 'Presenta aptitudes artísticas'),
(13, '1310001013', 'Gabriel Alejandro', 'Mejía Pinargote', '2008-07-14', '0981001013', 'Barrio Santa Clara, Manta', ''),
(14, '1310001014', 'Isabella Nicole', 'Zamora Giler', '2008-06-04', '0981001014', 'Cdla. Miraflores, Manta', ''),
(15, '1310001015', 'Daniel Santiago', 'Lucas Mendoza', '2008-09-28', '0981001015', 'La Pradera, Portoviejo', ''),
(16, '1310001016', 'Sofía María', 'Mendoza Plaza', '2008-05-02', '0981001016', 'Cdla. San Alejo, Manta', ''),
(17, '1310001021', 'Ángel Mauricio', 'López Castro', '2008-01-11', '0981001021', 'Cdla. El Palmar, Manta', ''),
(18, '1310001022', 'Paula Estefanía', 'Zambrano Barreto', '2008-04-05', '0981001022', 'Cdla. Las Orquídeas, Portoviejo', ''),
(19, '1310001023', 'Sebastián Isaac', 'Cedeño Pico', '2008-03-17', '0981001023', 'Cdla. San Pedro, Manta', ''),
(20, '1310001024', 'Valeria Alejandra', 'Pico Mendoza', '2008-06-22', '0981001024', 'Cdla. Bellavista, Portoviejo', ''),
(21, '1310001025', 'Andrés Felipe', 'González Vera', '2008-08-03', '0981001025', 'Cdla. Santa Isabel, Manta', ''),
(22, '1310001026', 'Nicole Sofía', 'Alcócer Mendoza', '2008-10-16', '0981001026', 'Cdla. San Rafael, Portoviejo', ''),
(23, '1310001027', 'Marco Antonio', 'Intriago Pincay', '2008-05-26', '0981001027', 'Cdla. Manta Beach', ''),
(24, '1310001028', 'Emily Valentina', 'Bravo Loor', '2008-11-13', '0981001028', 'Cdla. Las Palmas, Manta', ''),
(25, '1310001029', 'Jorge Emilio', 'Plúa Giler', '2008-09-04', '0981001029', 'Cdla. El Retiro, Manta', ''),
(26, '1310001030', 'Karina Beatriz', 'Loor Anchundia', '2008-12-20', '0981001030', 'Cdla. Santa Marianita', ''),
(27, '1310001031', 'Pedro Alejandro', 'Morales Salazar', '2008-03-01', '0981001031', 'Cdla. El Murciélago, Manta', ''),
(28, '1310001032', 'Laura Daniela', 'Paredes Mendoza', '2008-07-28', '0981001032', 'Cdla. Los Bosques, Portoviejo', ''),
(29, '1310001033', 'Martín Leonardo', 'Lucas Suárez', '2008-10-02', '0981001033', 'Cdla. Jesús de Nazareth, Manta', ''),
(30, '1310001034', 'Daniela Michelle', 'López Valencia', '2008-01-26', '0981001034', 'Cdla. Las Cumbres, Portoviejo', ''),
(31, '1310001035', 'Francisco Rafael', 'Chávez Murillo', '2008-06-10', '0981001035', 'Cdla. El Astillero, Manta', ''),
(32, '1310001036', 'Antonella Belén', 'Mendoza Cedeño', '2008-09-11', '0981001036', 'Cdla. Nuevo Manta', ''),
(33, '1310002001', 'Lucas Adrián', 'González Mendoza', '2007-04-11', '0982002001', 'Cdla. Los Esteros, Manta', ''),
(34, '1310002002', 'Daniela Sofía', 'Pico Zambrano', '2007-06-30', '0982002002', 'Cdla. La Victoria, Portoviejo', ''),
(35, '1310002003', 'Matías Alejandro', 'Sornoza Reyes', '2007-05-14', '0982002003', 'Cdla. Mirador del Río, Manta', ''),
(36, '1310002004', 'Emma Isidora', 'García Macías', '2007-02-28', '0982002004', 'Cdla. La Aurora, Manta', ''),
(37, '1310002005', 'Thiago Esteban', 'Lucas Cedeño', '2007-10-01', '0982002005', 'Cdla. Urbirríos, Portoviejo', ''),
(38, '1310002006', 'Zoe Daniela', 'López Anchundia', '2007-03-12', '0982002006', 'Cdla. Nuevo Tarqui, Manta', ''),
(39, '1310002007', 'Cristóbal Elías', 'Chávez Paredes', '2007-08-17', '0982002007', 'Cdla. 20 de Mayo, Portoviejo', ''),
(40, '1310002008', 'Isabella Renata', 'Avila Zambrano', '2007-09-09', '0982002008', 'Cdla. Vista al Mar, Manta', ''),
(41, '1310002009', 'Álvaro Ignacio', 'Zambrano Carreño', '2007-07-05', '0982002009', 'Cdla. Las Palmas, Portoviejo', ''),
(42, '1310002010', 'Martina Lucía', 'Pincay Mera', '2007-11-19', '0982002010', 'Cdla. Ciudadela del Mar, Manta', ''),
(43, '1310002011', 'Samuel Rodrigo', 'Moreira Mendoza', '2007-04-27', '0982002011', 'Cdla. Los Ceibos, Manta', ''),
(44, '1310002012', 'Julia Rafaela', 'Cedeño Giler', '2007-01-18', '0982002012', 'Cdla. El Parque, Portoviejo', ''),
(45, '1310002013', 'Iván Gabriel', 'Pico Delgado', '2007-05-03', '0982002013', 'Cdla. Las Delicias, Manta', ''),
(46, '1310002014', 'Victoria Celeste', 'Giler Alcívar', '2007-06-08', '0982002014', 'Cdla. El Florón 5, Portoviejo', ''),
(47, '1310002015', 'Joaquín Eduardo', 'Bravo Solórzano', '2007-03-30', '0982002015', 'Cdla. Las Cumbres, Manta', ''),
(48, '1310002016', 'Regina Mariana', 'Delgado Pinargote', '2007-09-22', '0982002016', 'Cdla. Costa Azul, Manta', ''),
(49, '1310002021', 'Leonardo Rafael', 'Zambrano Gómez', '2007-01-03', '0982002021', 'Cdla. Las Palmas, Manta', ''),
(50, '1310002022', 'Julieta Noemí', 'Mera Mendoza', '2007-03-15', '0982002022', 'Cdla. Santa Clara, Portoviejo', ''),
(51, '1310002023', 'Benjamín Ángel', 'Pinargote Vera', '2007-05-27', '0982002023', 'Cdla. San Mateo, Manta', ''),
(52, '1310002024', 'Renata Lucía', 'González Loor', '2007-07-09', '0982002024', 'Cdla. Universitaria, Portoviejo', ''),
(53, '1310002025', 'Adrián Fernando', 'Macías Solórzano', '2007-10-12', '0982002025', 'Cdla. El Porvenir, Manta', ''),
(54, '1310002026', 'Natalia Fernanda', 'Barreto Mendoza', '2007-04-06', '0982002026', 'Cdla. Altamira, Portoviejo', ''),
(55, '1310002027', 'Elías Mauricio', 'Cedeño Bravo', '2007-09-18', '0982002027', 'Cdla. Los Ángeles, Manta', ''),
(56, '1310002028', 'Victoria Antonia', 'Zamora Parrales', '2007-02-28', '0982002028', 'Cdla. Portoviejo Norte', ''),
(57, '1310002029', 'Axel Nicolás', 'Paredes Anchundia', '2007-06-20', '0982002029', 'Cdla. Las Orquídeas, Manta', ''),
(58, '1310002030', 'Isidora María', 'Giler Moreira', '2007-08-14', '0982002030', 'Cdla. Las Brisas, Manta', ''),
(59, '1310002031', 'Enzo Alexander', 'Alcívar Zambrano', '2007-12-08', '0982002031', 'Cdla. Los Almendros, Manta', ''),
(60, '1310002032', 'Camila Esther', 'Suárez Intriago', '2007-11-01', '0982002032', 'Cdla. Los Olivos, Portoviejo', ''),
(61, '1310002033', 'José Ricardo', 'Cevallos Loor', '2007-03-09', '0982002033', 'Cdla. El Mirador, Manta', ''),
(62, '1310002034', 'Antonella Judith', 'Delgado Vera', '2007-05-01', '0982002034', 'Cdla. Nuevo Manta, Manta', ''),
(63, '1310002035', 'Juan Pablo', 'Valencia Carreño', '2007-07-30', '0982002035', 'Cdla. San José, Portoviejo', ''),
(64, '1310002036', 'Bianca Rebeca', 'Plaza Giler', '2007-01-21', '0982002036', 'Cdla. El Palmar, Manta', ''),
(65, '1310003001', 'Lucía Fernanda', 'Zambrano Cevallos', '2006-05-10', '0983003001', 'Cdla. El Florón, Portoviejo', ''),
(66, '1310003002', 'Diego Andrés', 'Mendoza Vera', '2006-08-22', '0983003002', 'Cdla. Manta 2000, Manta', ''),
(67, '1310003003', 'Valeria Carolina', 'Pinargote Suárez', '2006-03-18', '0983003003', 'Cdla. Los Esteros, Manta', ''),
(68, '1310003004', 'Esteban Gabriel', 'Cedeño López', '2006-10-03', '0983003004', 'Cdla. El Paraíso, Portoviejo', ''),
(69, '1310003005', 'Carla Juliana', 'Bravo Anchundia', '2006-07-27', '0983003005', 'Cdla. Las Gaviotas, Manta', ''),
(70, '1310003006', 'Tomás Alejandro', 'Moreira Mera', '2006-01-14', '0983003006', 'Cdla. Los Almendros, Manta', ''),
(71, '1310003007', 'Camila Alejandra', 'Delgado Intriago', '2006-11-09', '0983003007', 'Cdla. Nueva Esperanza, Portoviejo', ''),
(72, '1310003008', 'José Antonio', 'Zamora Vera', '2006-09-25', '0983003008', 'Cdla. Las Orquídeas, Manta', ''),
(73, '1310003009', 'Martina Isidora', 'Cevallos Barreto', '2006-04-05', '0983003009', 'Cdla. Santa Clara, Portoviejo', ''),
(74, '1310003010', 'Samuel Ignacio', 'Alcívar Parrales', '2006-06-16', '0983003010', 'Cdla. Ciudadela del Sol, Manta', ''),
(75, '1310003011', 'Elena Victoria', 'Mera González', '2006-12-01', '0983003011', 'Cdla. El Palmar, Manta', ''),
(76, '1310003012', 'Axel Emmanuel', 'Zambrano Macías', '2006-02-24', '0983003012', 'Cdla. Universitaria, Portoviejo', ''),
(77, '1310003013', 'Sofía Natalia', 'Pico Loor', '2006-08-04', '0983003013', 'Cdla. Santa Marianita, Manta', ''),
(78, '1310003014', 'Benjamín Isaac', 'Lucas Moreira', '2006-10-27', '0983003014', 'Cdla. Nuevo Manta, Manta', ''),
(79, '1310003015', 'Emilia Renata', 'Vera Suárez', '2006-03-11', '0983003015', 'Cdla. Las Palmas, Portoviejo', ''),
(80, '1310003016', 'David Mateo', 'Anchundia Cedeño', '2006-07-01', '0983003016', 'Cdla. Portoviejo Norte', ''),
(81, '1310003021', 'Allison Michelle', 'Loor Zambrano', '2006-04-17', '0983003021', 'Cdla. El Parque, Portoviejo', ''),
(82, '1310003022', 'Ángel Sebastián', 'Pico Anchundia', '2006-01-29', '0983003022', 'Cdla. Urbirríos, Manta', ''),
(83, '1310003023', 'Javiera Alejandra', 'Mendoza Paredes', '2006-08-11', '0983003023', 'Cdla. La Aurora, Portoviejo', ''),
(84, '1310003024', 'Santiago Tomás', 'González Suárez', '2006-03-22', '0983003024', 'Cdla. Costa Azul, Manta', ''),
(85, '1310003025', 'Renata Juliana', 'Macías Alcívar', '2006-09-03', '0983003025', 'Cdla. El Mirador, Portoviejo', ''),
(86, '1310003026', 'Lautaro Emanuel', 'Barreto Parrales', '2006-10-14', '0983003026', 'Cdla. Los Ceibos, Manta', ''),
(87, '1310003027', 'Emilia Abigail', 'Suárez Vera', '2006-05-05', '0983003027', 'Cdla. San Mateo, Manta', ''),
(88, '1310003028', 'Joaquín Esteban', 'Lucas Cevallos', '2006-02-08', '0983003028', 'Cdla. Bellavista, Portoviejo', ''),
(89, '1310003029', 'Florencia Daniela', 'Giler Mendoza', '2006-11-26', '0983003029', 'Cdla. Altamira, Manta', ''),
(90, '1310003030', 'Tomás Emiliano', 'Chávez Bravo', '2006-06-02', '0983003030', 'Cdla. Las Gaviotas, Manta', ''),
(91, '1310003031', 'Paula Ignacia', 'Anchundia Loor', '2006-07-15', '0983003031', 'Cdla. Las Palmas, Portoviejo', ''),
(92, '1310003032', 'Agustín Nicolás', 'Mera Alcívar', '2006-12-21', '0983003032', 'Cdla. Ciudadela del Mar, Manta', ''),
(93, '1310003033', 'Amanda Celeste', 'Vera Solórzano', '2006-03-31', '0983003033', 'Cdla. El Paraíso, Portoviejo', ''),
(94, '1310003034', 'Lucas Adriano', 'Pincay Barreto', '2006-04-23', '0983003034', 'Cdla. Santa Clara, Manta', ''),
(95, '1310003035', 'Catalina Fabiola', 'Zambrano Suárez', '2006-07-06', '0983003035', 'Cdla. Los Ángeles, Portoviejo', '');


INSERT INTO `materia` (`idMateria`, `Nombre`, `Descripcion`) VALUES
(3, 'Historia', 'Materia de Historia para 3ro'),
(6, 'Matematica', 'Materia de Matematica para 3ro'),
(7, 'Lengua y Literatura', 'Materia de Lengua y Literatura para 1ro'),
(9, 'Emprendimiento Y Gestión', NULL),
(10, 'Filosofia', 'Materia de Filosofia para 1ro'),
(14, 'Artistica', 'Materia de Artistica para 3ro'),
(16, 'Educacion Fisica', 'Materia de Educacion Fisica para 2do');

 ENGINE=InnoDB DEFAULT CHARSET=utf8mb4 COLLATE=utf8mb4_0900_ai_ci;

INSERT INTO `matricula` (`idMatricula`, `idEstudiante`, `FechaMatricula`, `Nivel`, `Paralelo`, `PromedioAnual`, `idPeriodo`) VALUES
(11, 94, '2025-06-13', '2do', 'A', '8.23', 10),
(12, 91, '2025-06-13', '2do', 'A', '9.00', 10),
(13, 88, '2025-06-13', '2do', 'A', '9.00', 10),
(14, 89, '2025-06-13', '2do', 'A', '9.00', 10),
(15, 86, '2025-06-13', '2do', 'A', '1.67', 10),
(16, 26, '2025-06-13', '2do', 'A', '9.00', 10),
(17, 72, '2025-06-13', '2do', 'A', '9.00', 10),
(18, 82, '2025-06-13', '2do', 'A', '9.00', 10),
(19, 28, '2025-06-13', '1ro', 'A', '5.30', 10),
(20, 5, '2025-06-13', '1ro', 'A', '9.00', 10),
(21, 4, '2025-06-13', '1ro', 'A', '7.50', 10),
(22, 84, '2025-06-13', '1ro', 'A', '9.90', 10);


INSERT INTO `matricula_asignacion` (`idMatriculaAsignacion`, `idMatricula`, `idCursoAsignacion`) VALUES
(66, 11, 2),
(65, 11, 3),
(68, 11, 4),
(70, 11, 5),
(69, 11, 7),
(67, 11, 8),
(72, 12, 2),
(71, 12, 3),
(74, 12, 4),
(76, 12, 5),
(75, 12, 7),
(73, 12, 8),
(78, 13, 2),
(77, 13, 3),
(80, 13, 4),
(82, 13, 5),
(81, 13, 7),
(79, 13, 8),
(84, 14, 2),
(83, 14, 3),
(86, 14, 4),
(88, 14, 5),
(87, 14, 7),
(85, 14, 8),
(90, 15, 2),
(89, 15, 3),
(92, 15, 4),
(94, 15, 5),
(93, 15, 7),
(91, 15, 8),
(96, 16, 2),
(95, 16, 3),
(98, 16, 4),
(100, 16, 5),
(99, 16, 7),
(97, 16, 8),
(102, 17, 2),
(101, 17, 3),
(104, 17, 4),
(106, 17, 5),
(105, 17, 7),
(103, 17, 8),
(108, 18, 2),
(107, 18, 3),
(110, 18, 4),
(112, 18, 5),
(111, 18, 7),
(109, 18, 8),
(116, 19, 9),
(117, 19, 10),
(113, 19, 13),
(114, 19, 14),
(115, 19, 15),
(121, 20, 9),
(122, 20, 10),
(118, 20, 13),
(119, 20, 14),
(120, 20, 15),
(126, 21, 9),
(127, 21, 10),
(123, 21, 13),
(124, 21, 14),
(125, 21, 15),
(131, 22, 9),
(132, 22, 10),
(128, 22, 13),
(129, 22, 14),
(130, 22, 15);


INSERT INTO `periodo_lectivo` (`idPeriodo`, `Nombre`, `FechaInicio`, `FechaFin`, `Estado`) VALUES
(1, 'P1 2022', '2022-02-01', '2022-05-31', 'Inactivo'),
(3, 'P2 2022', '2022-10-01', '2023-01-31', 'Inactivo'),
(4, 'P1 2023', '2023-02-01', '2023-05-31', 'Inactivo'),
(6, 'P2 2023', '2023-10-01', '2024-01-31', 'Inactivo'),
(7, 'P1 2024', '2024-02-01', '2024-05-31', 'Inactivo'),
(9, 'P2 2024', '2024-10-01', '2025-01-31', 'Inactivo'),
(10, 'P1 2025', '2025-02-01', '2025-05-31', 'Activo');


INSERT INTO `profesor` (`idProfesor`, `Cedula`, `Nombre`, `Apellido`, `Telefono`, `Especialidad`, `Direccion`) VALUES
(1, '1100000001', 'Juan', 'Pérez', '0990000001', 'Educación General', 'Dirección 1'),
(2, '1100000002', 'María', 'Gómez', '0990000002', 'Educación General', 'Dirección 2'),
(3, '1100000003', 'Pedro', 'Rodríguez', '0990000003', 'Educación General', 'Dirección 3'),
(4, '1100000004', 'Luisa', 'López', '0990000004', 'Educación General', 'Dirección 4'),
(5, '1100000005', 'Carlos', 'Martínez', '0990000005', 'Educación General', 'Dirección 5'),
(6, '1100000006', 'Ana', 'García', '0990000006', 'Educación General', 'Dirección 6'),
(7, '1100000007', 'Jorge', 'Sánchez', '0990000007', 'Educación General', 'Dirección 7'),
(8, '1100000008', 'Marta', 'Ramírez', '0990000008', 'Educación General', 'Dirección 8'),
(9, '1100000009', 'Luis', 'Torres', '0990000009', 'Educación General', 'Dirección 9'),
(10, '1100000010', 'Carmen', 'Vargas', '0990000010', 'Educación General', 'Dirección 10'),
(11, '1100000011', 'Juan', 'Pérez', '0990000011', 'Educación General', 'Dirección 11'),
(12, '1100000012', 'María', 'Gómez', '0990000012', 'Educación General', 'Dirección 12'),
(13, '1100000013', 'Pedro', 'Rodríguez', '0990000013', 'Educación General', 'Dirección 13'),
(14, '1100000014', 'Luisa', 'López', '0990000014', 'Educación General', 'Dirección 14'),
(15, '1100000015', 'Carlos', 'Martínez', '0990000015', 'Educación General', 'Dirección 15'),
(16, '1100000016', 'Ana', 'García', '0990000016', 'Educación General', 'Dirección 16'),
(17, '1100000017', 'Jorge', 'Sánchez', '0990000017', 'Educación General', 'Dirección 17'),
(18, '1100000018', 'Marta', 'Ramírez', '0990000018', 'Educación General', 'Dirección 18'),
(19, '1100000019', 'Luis', 'Torres', '0990000019', 'Educación General', 'Dirección 19'),
(20, '1100000020', 'Carmen', 'Vargas', '0990000020', 'Educación General', 'Dirección 20');

